cod_imovel,entity_id,evidence
GO-5212204-011050C9BC804D77A80A4F161A120C5A,5212204,246
GO-5212204-0E3C72FBAFCA4422AE312548AA7331C0,5212204,246
GO-5212204-0F4C0661AD054C0883A19B9670A7A0F0,5212204,246
GO-5212204-118F8241E57F4C21AF20F2486C2316F9,5212204,246
GO-5212204-1388D04145DA42C49E1692A41D96CDB5,5212204,246
GO-5212204-156094615E67476AB099D9F46F6C0655,5212204,246
GO-5212204-162DBAFE85134130B3480CF2ED130BFA,5212204,246
GO-5212204-16833B91FD32494C864B458F765C0755,5212204,246
GO-5219258-021D6EEAC0FE4976868FEBAAD4C9056C,5219258,89
GO-5207600-E22FF9A4A75344D3994CB002B90B6686,5207600,12
