cod_imovel,n_fields
GO-5212204-D7C048E5C31F4DA5A37066D256069D00,245
GO-5212204-1E2963990BB04DAF9B1A8E86549F116C,198
GO-5212204-81F365C789534A84A8F8A35060DBF942,176
GO-5212204-C020E51A64DE4DFAA0647BE31783FF65,164
GO-5212204-162DBAFE85134130B3480CF2ED130BFA,142
GO-5212204-AE6A2EC35795457CBEB9C3256A5B2FB3,138
GO-5212204-5D9A52F2411D4BE8BE74CA5E1CEE15BF,126
GO-5212204-FFA9CF9AB45940F9BFA6ABCCF2A34EC0,119
GO-5212204-72B57BA00A4A45EBA58D040A74E67562,112
GO-5212204-3EC9EBA0E8B64C978796D37DE35E549F,108
