cod_imovel,annex1_commodity,post2020_loss_ha,top_contact_entity_id,entity_kind,tier,basis,distance_km
GO-5212204-011050C9BC804D77A80A4F161A120C5A,cattle,425.6,slaughter_001,buyer,slaughter_point,observed,28.3
GO-5212204-0E3C72FBAFCA4422AE312548AA7331C0,soya,378.2,5212204,cooperative,membership_muni,observed,
GO-5212204-0F4C0661AD054C0883A19B9670A7A0F0,cattle,356.8,slaughter_003,buyer,slaughter_point,observed,35.1
GO-5212204-118F8241E57F4C21AF20F2486C2316F9,cattle,285.4,slaughter_002,buyer,slaughter_point,observed,31.8
GO-5212204-1388D04145DA42C49E1692A41D96CDB5,soya,267.9,5212204,cooperative,membership_muni,observed,
GO-5212204-156094615E67476AB099D9F46F6C0655,cattle,251.3,slaughter_004,buyer,slaughter_point,observed,26.5
GO-5212204-162DBAFE85134130B3480CF2ED130BFA,coffee,228.6,5212204,cooperative,membership_muni,observed,
GO-5212204-16833B91FD32494C864B458F765C0755,cattle,214.2,slaughter_005,buyer,slaughter_point,observed,29.6
GO-5212204-1C88EF1B3499490DB39608D89AA62FA5,soya,205.8,5212204,cooperative,membership_muni,observed,
GO-5212204-1E2963990BB04DAF9B1A8E86549F116C,cattle,194.5,slaughter_006,buyer,slaughter_point,observed,32.2
