cod_imovel,municipio,post2020_loss_ha,n_fields_post2020_loss
GO-5212204-011050C9BC804D77A80A4F161A120C5A,Jussara,45678.90,234
GO-5212204-0E3C72FBAFCA4422AE312548AA7331C0,Jussara,34567.89,187
GO-5212204-0F4C0661AD054C0883A19B9670A7A0F0,Jussara,28934.56,156
GO-5212204-118F8241E57F4C21AF20F2486C2316F9,Jussara,24567.34,134
GO-5207600-E22FF9A4A75344D3994CB002B90B6686,Fazenda Nova,19876.54,98
GO-5212204-1388D04145DA42C49E1692A41D96CDB5,Jussara,18765.43,87
GO-5212204-156094615E67476AB099D9F46F6C0655,Jussara,16543.21,76
GO-5212204-162DBAFE85134130B3480CF2ED130BFA,Jussara,15432.10,65
GO-5212204-16833B91FD32494C864B458F765C0755,Jussara,14321.09,54
GO-5212204-1C88EF1B3499490DB39608D89AA62FA5,Jussara,13210.87,43
